date,FTTB,SATELLITE,FTTN,NULL,WIRELESS,FTTC,HFC,FTTP
2023-05-23,0,0,1456,0,0,428,0,2
2023-05-30,0,0,1456,0,0,428,0,2
2023-06-06,3019,8,34082,812,0,2603,0,10617
2023-06-13,3019,8,34082,812,0,2603,0,10617
2023-06-20,3019,8,34082,812,0,2603,0,10617
2023-06-27,3019,8,34082,812,0,2603,0,10617
2023-07-04,3019,8,36559,857,0,2878,0,10666
2023-07-11,10634,610,133771,5491,1,10907,6,70666
2023-07-18,10634,610,133771,5491,1,10907,6,70666
2023-07-25,10634,610,133771,5491,1,10907,6,70666
2023-08-01,10634,610,133771,5491,1,10907,6,70666
2023-08-08,10634,610,133621,5479,1,10897,6,70832
2023-08-15,10639,779,133467,5732,1,10662,6,71275
2023-08-22,10639,779,133436,5709,1,10659,6,71337
2023-08-29,10639,779,133324,5727,1,10651,6,71439
2023-09-05,10639,780,133310,5871,1,10646,6,71504
2023-09-12,10640,780,133225,5879,1,10625,6,71613
2023-09-19,10641,782,133652,5861,1,10809,6,71889
2023-09-26,10642,783,133642,5742,1,10807,6,72034
2023-10-03,10642,783,133181,5742,1,10791,6,72507
2023-10-10,10642,783,133164,5738,1,10779,6,72547
2023-10-17,10642,741,132988,5761,1,10764,6,72747
2023-10-24,10642,741,132988,5761,1,10764,6,72747
2023-10-31,10642,742,132902,5700,1,10751,6,72916
2023-11-07,10642,742,132664,5679,1,10734,6,73202
2023-11-14,10642,742,132632,5680,1,10720,6,73250
2023-11-21,10642,665,132582,5725,1,10719,6,73286
2023-11-28,10642,665,132527,5726,1,10706,6,73351
2023-12-05,10642,665,132398,5725,1,10694,6,73488
2023-12-12,10641,665,132203,5722,1,10688,6,73742
2023-12-19,10641,665,132203,5722,1,10688,6,73742
2023-12-26,10641,665,132165,5710,1,10672,6,73805
2024-01-02,10640,575,132164,5731,1,10671,6,73868
2024-01-09,10640,575,131815,5736,1,10663,6,74219
2024-01-16,10640,575,131815,5736,1,10663,6,74219
2024-01-23,10640,575,131815,5736,1,10663,6,74219
2024-01-30,10660,575,131779,5730,1,10625,6,74295
2024-02-06,10662,575,131779,5730,1,10623,6,74295
2024-02-13,10662,575,131462,5703,1,10598,6,74665
2024-02-20,10662,575,131462,5703,1,10598,6,74665
2024-02-27,10662,575,131462,5703,1,10598,6,74665
2024-03-05,10625,562,129760,4159,1,10284,6,74641
2024-03-12,10456,292,128833,1573,0,10324,6,72421
2024-03-19,10163,289,126923,1558,0,10235,6,72238
2024-03-26,10165,289,126902,1557,0,10214,6,72324
2024-04-02,10165,284,126913,2803,0,9940,6,71843
2024-04-16,10165,284,125599,2806,0,9921,6,73111
2024-04-30,10157,284,125229,2790,0,9883,6,73727
2024-05-07,10157,284,125125,2790,0,9864,6,73860
2024-05-14,10157,284,125125,2784,0,9861,6,73879
2024-05-20,10171,284,126724,2784,0,9888,6,72238
2024-05-21,10171,284,126724,2784,0,9888,6,72238
2024-05-28,10171,284,126724,2784,0,9888,6,72238
2024-06-04,10141,284,126680,2777,0,9699,6,72684
2024-06-11,10140,284,126533,2776,0,9645,6,72946
2024-06-18,10140,284,126533,2776,0,9645,6,72946
2024-07-02,10140,284,126212,2760,0,9603,6,73439
2024-07-09,10140,284,126117,2760,0,9586,6,73551
2024-07-16,10140,284,126089,2761,0,9228,6,73946
2024-07-23,10140,284,125972,2761,0,9215,6,74075
2024-07-30,10140,284,125935,2761,0,9204,6,74129
2024-08-06,10140,285,125559,2766,0,9190,6,74709
2024-08-13,10140,285,125559,2766,0,9190,6,74709
2024-08-20,10140,285,125502,2766,0,9180,6,74762
2024-08-27,10127,285,125496,2763,0,9190,6,74935
2024-09-03,10127,285,125269,2763,0,9170,6,75182
2024-09-10,10127,276,125231,2773,0,9150,6,75247
2025-05-13,10107,80,122674,5442,0,8615,6,78755
2025-05-20,10107,80,122674,5442,0,8615,6,78755
2025-05-27,10200,80,122577,5349,0,8599,6,78878
2025-06-03,10200,80,122516,5359,0,8594,6,79092
2025-06-10,9808,80,120462,5339,0,8570,6,77869
2025-06-17,9808,80,120462,5339,0,8570,6,77869
2025-06-24,9809,84,120424,5337,0,8522,6,77982
2025-07-01,11394,87,120575,5542,0,8516,6,78964
2025-07-08,11788,88,122146,5546,0,8481,6,80054
2025-07-15,11791,88,122108,5225,0,8297,6,80318
2025-07-22,11795,91,122117,5194,0,8153,6,80809
2025-07-29,11795,91,122117,5194,0,8153,6,80809
2025-08-05,11795,91,121956,5195,0,7720,6,81415
2025-08-12,11795,91,121956,5195,0,7720,6,81415
2025-08-19,11795,91,121956,5195,0,7720,6,81415
2025-08-26,11796,91,121857,5195,0,7048,6,82187
2025-09-02,11796,91,121820,5075,0,7008,6,82412
2025-09-09,11796,91,121662,5116,0,6975,6,82571
2025-09-16,11796,91,121662,5116,0,6975,6,82571
2025-09-23,11796,91,121662,5116,0,6975,6,82571
2025-09-30,11796,91,121662,5116,0,6975,6,82571
2025-10-07,11796,91,121662,5116,0,6975,6,82571
2025-10-14,11796,91,121662,5116,0,6975,6,82571
2025-10-21,11796,91,121662,5116,0,6975,6,82571
2025-10-28,11796,91,121662,5116,0,6975,6,82571
2025-11-04,11796,91,121662,5116,0,6975,6,82571
2025-11-07,11796,91,121662,5116,0,6975,6,82571
2025-11-11,11553,89,121130,5312,0,6478,6,82664
2025-11-18,11413,89,120713,5582,0,6424,6,83623
2025-11-25,11413,89,120713,5582,0,6424,6,83623
2025-12-02,11413,90,120444,5625,0,6340,6,83834
2025-12-09,11413,90,120444,5625,0,6340,6,83834
2025-12-16,11413,90,120360,5570,0,6308,6,83974
2025-12-23,11414,92,120382,5583,0,6277,6,84139
2025-12-30,11414,92,120382,5583,0,6277,6,84139
2026-01-06,11414,92,120382,5583,0,6277,6,84139
2026-01-13,11414,92,120382,5583,0,6277,6,84139
2026-01-20,11414,92,120382,5583,0,6277,6,84139
2026-01-27,11414,92,120382,5583,0,6277,6,84139
2026-02-03,11414,92,120382,5583,0,6277,6,84139
2026-02-10,11414,92,120382,5583,0,6277,6,84139
2026-02-17,11414,92,120382,5583,0,6277,6,84139
2026-02-24,11414,92,120382,5583,0,6277,6,84139
2026-03-03,11414,92,120382,5583,0,6277,6,84139
2026-03-10,11414,92,120382,5583,0,6277,6,84139
2026-03-17,11414,92,120382,5583,0,6277,6,84139
2026-03-24,11414,92,120382,5583,0,6277,6,84139
2026-03-31,11414,92,120382,5583,0,6277,6,84139
2026-04-07,11414,92,120382,5583,0,6277,6,84139
2026-04-14,11414,92,120382,5583,0,6277,6,84139
2026-04-21,11414,92,120382,5583,0,6277,6,84139
2026-04-28,11414,92,120382,5583,0,6277,6,84139
2026-05-05,11414,92,120382,5583,0,6277,6,84139
2026-05-12,11414,92,120382,5583,0,6277,6,84139
2026-05-19,11414,92,120382,5583,0,6277,6,84139
2026-05-26,11414,92,120382,5583,0,6277,6,84139
2026-06-02,11414,92,120382,5583,0,6277,6,84139
2026-06-09,11414,92,120382,5583,0,6277,6,84139
2026-06-16,11414,92,120382,5583,0,6277,6,84139
2026-06-23,11414,92,120382,5583,0,6277,6,84139
2026-06-30,11414,92,120382,5583,0,6277,6,84139
2026-07-07,11414,92,120382,5583,0,6277,6,84139
2026-07-14,11414,92,120382,5583,0,6277,6,84139
2026-07-21,11414,92,120382,5583,0,6277,6,84139
2026-07-28,11414,92,120382,5583,0,6277,6,84139
2026-08-04,11414,92,120382,5583,0,6277,6,84139
2026-08-11,11414,92,120382,5583,0,6277,6,84139
